aspect,accuracy,macro_precision,macro_recall,macro_f1
ease_of_use,0.9421768707482994,0.8887056471764119,0.9089913393942192,0.8977079060177497
durability_and_build_quality,0.9795918367346939,0.9643603782976605,0.9838954370404949,0.9731327088347502
cleaning_and_maintenance,0.9183673469387755,0.9036594473487677,0.8902867276968576,0.894964438653759
compatibility_with_syringes,0.9829931972789115,0.9851430377746168,0.9582595095095096,0.9709183725034339
storage_and_handling,0.9489795918367347,0.9452537593984962,0.8993886701866328,0.9194750793818885
performance_in_fluid_delivery,0.95578231292517,0.9629049111807731,0.8765079365079366,0.9083473275321019
