aspect,accuracy,macro_precision,macro_recall,macro_f1
pacing_modes,0.8821548821548821,0.9041928721174005,0.6635555046571996,0.731148347562578
battery_life,0.9663299663299664,0.985632183908046,0.9102564102564102,0.9443368077729312
device_portability,0.9393939393939394,0.8813813813813814,0.9317088708393056,0.9046238574770769
output_adjustability,0.835016835016835,0.5716245623994701,0.5612706007442849,0.5604882080545271
sensitivity_and_detection,0.9124579124579124,0.9355382619974059,0.7421996931901553,0.8142420950586094
safety_features,0.8619528619528619,0.9517078916372202,0.5008841732979664,0.5727232058641226
rate_range,0.8619528619528619,0.28731762065095395,0.3333333333333333,0.3086196503918023
