aspect,accuracy,macro_precision,macro_recall,macro_f1
pacing_modes,0.8922558922558923,0.903893799383956,0.7052221713238662,0.7670847203351948
battery_life,0.9494949494949495,0.9374809572951989,0.8978401478401478,0.9165279565279566
device_portability,0.9730639730639731,0.9499416042894304,0.9499416042894304,0.9499416042894304
output_adjustability,0.797979797979798,0.8360135421074905,0.45733652312599676,0.4828462759553818
sensitivity_and_detection,0.9595959595959596,0.9838056680161943,0.8676419366074538,0.9168625351358587
safety_features,0.9124579124579124,0.9676616915422885,0.6839080459770116,0.7755991285403049
rate_range,0.8619528619528619,0.28731762065095395,0.3333333333333333,0.3086196503918023
