aspect,accuracy,macro_precision,macro_recall,macro_f1
ease_of_use,0.9693877551020408,0.9662644544997486,0.9200778377713169,0.9415228449111712
durability_and_build_quality,0.9829931972789115,0.9922118380062305,0.9615668883961567,0.9760716474664465
cleaning_and_maintenance,0.9149659863945578,0.9043381180223286,0.8766825707918305,0.888311793021244
compatibility_with_syringes,0.9829931972789115,0.9927536231884058,0.9521396396396397,0.9714998011226998
storage_and_handling,0.9319727891156463,0.9718706047819973,0.8279352226720649,0.8824764544191237
performance_in_fluid_delivery,0.9897959183673469,0.9842296346721126,0.9738271604938271,0.9789147805714764
